Customer_ID,Offer_Category,Customer_Response,Final_Account_Status
CUST_0002,Limited Free Booster,Offer Accepted,No (Retained)
CUST_0003,Plan Upgrade + Value Benefit,Offer Accepted,No (Retained)
CUST_0007,Unused Data Credit,Offer Accepted,No (Retained)
CUST_0008,Limited Free Booster,Offer Ignored,Yes (Churned)
CUST_0009,Plan Upgrade + Value Benefit,Offer Accepted,No (Retained)
CUST_0012,Unused Data Credit,Offer Accepted,No (Retained)
CUST_0013,Paid Booster Bundle,Offer Ignored,Yes (Churned)
CUST_0014,Paid Booster Bundle,Offer Ignored,Yes (Churned)
CUST_0015,Plan Upgrade + Value Benefit,Offer Ignored,Yes (Churned)
CUST_0016,Limited Free Booster,Offer Accepted,No (Retained)
CUST_0018,Unused Data Credit,Offer Ignored,Yes (Churned)
CUST_0019,Paid Booster Bundle,Offer Ignored,Yes (Churned)
CUST_0022,Paid Booster Bundle,Offer Ignored,Yes (Churned)
CUST_0024,Paid Booster Bundle,Offer Ignored,Yes (Churned)
CUST_0027,Unused Data Credit,Offer Accepted,No (Retained)
CUST_0029,Limited Free Booster,Offer Ignored,Yes (Churned)
CUST_0031,Plan Upgrade + Value Benefit,Offer Ignored,No (Retained)
CUST_0032,Unused Data Credit,Offer Accepted,No (Retained)
CUST_0035,Limited Free Booster,Offer Accepted,No (Retained)
CUST_0038,Unused Data Credit,Offer Accepted,No (Retained)
CUST_0039,Limited Free Booster,Offer Accepted,No (Retained)
CUST_0040,Limited Free Booster,Offer Accepted,No (Retained)
CUST_0042,Plan Upgrade + Value Benefit,Offer Accepted,No (Retained)
CUST_0044,Limited Free Booster,Offer Accepted,No (Retained)
CUST_0046,Unused Data Credit,Offer Accepted,No (Retained)
CUST_0048,Limited Free Booster,Offer Ignored,No (Retained)
CUST_0049,Unused Data Credit,Offer Accepted,No (Retained)
CUST_0050,Plan Upgrade + Value Benefit,Offer Accepted,No (Retained)
CUST_0051,Paid Booster Bundle,Offer Accepted,No (Retained)
CUST_0052,Plan Upgrade + Value Benefit,Offer Ignored,Yes (Churned)
CUST_0053,Limited Free Booster,Offer Accepted,No (Retained)
CUST_0055,Plan Upgrade + Value Benefit,Offer Accepted,No (Retained)
CUST_0057,Limited Free Booster,Offer Accepted,No (Retained)
CUST_0059,Limited Free Booster,Offer Accepted,No (Retained)
CUST_0060,Limited Free Booster,Offer Accepted,No (Retained)
CUST_0061,Unused Data Credit,Offer Accepted,No (Retained)
CUST_0062,Plan Upgrade + Value Benefit,Offer Accepted,No (Retained)
CUST_0063,Paid Booster Bundle,Offer Accepted,No (Retained)
CUST_0064,Limited Free Booster,Offer Ignored,Yes (Churned)
CUST_0070,Plan Upgrade + Value Benefit,Offer Ignored,Yes (Churned)
CUST_0071,Paid Booster Bundle,Offer Ignored,Yes (Churned)
CUST_0072,Plan Upgrade + Value Benefit,Offer Ignored,Yes (Churned)
CUST_0073,Limited Free Booster,Offer Accepted,No (Retained)
CUST_0074,Plan Upgrade + Value Benefit,Offer Accepted,No (Retained)
CUST_0076,Paid Booster Bundle,Offer Accepted,No (Retained)
CUST_0077,Paid Booster Bundle,Offer Accepted,No (Retained)
CUST_0081,Limited Free Booster,Offer Accepted,No (Retained)
CUST_0082,Unused Data Credit,Offer Ignored,Yes (Churned)
CUST_0083,Limited Free Booster,Offer Ignored,Yes (Churned)
CUST_0084,Paid Booster Bundle,Offer Ignored,No (Retained)
CUST_0087,Paid Booster Bundle,Offer Accepted,No (Retained)
CUST_0088,Unused Data Credit,Offer Accepted,No (Retained)
CUST_0090,Limited Free Booster,Offer Accepted,No (Retained)
CUST_0091,Limited Free Booster,Offer Accepted,No (Retained)
CUST_0092,Limited Free Booster,Offer Accepted,No (Retained)
CUST_0093,Plan Upgrade + Value Benefit,Offer Accepted,No (Retained)
CUST_0094,Unused Data Credit,Offer Accepted,No (Retained)
CUST_0095,Paid Booster Bundle,Offer Accepted,No (Retained)
CUST_0100,Unused Data Credit,Offer Accepted,No (Retained)
CUST_0101,Unused Data Credit,Offer Ignored,Yes (Churned)
CUST_0102,Plan Upgrade + Value Benefit,Offer Accepted,No (Retained)
CUST_0103,Paid Booster Bundle,Offer Ignored,Yes (Churned)
CUST_0104,Unused Data Credit,Offer Ignored,Yes (Churned)
CUST_0107,Unused Data Credit,Offer Ignored,Yes (Churned)
CUST_0109,Unused Data Credit,Offer Accepted,No (Retained)
CUST_0110,Paid Booster Bundle,Offer Accepted,No (Retained)
CUST_0111,Limited Free Booster,Offer Ignored,No (Retained)
CUST_0112,Paid Booster Bundle,Offer Ignored,Yes (Churned)
CUST_0113,Paid Booster Bundle,Offer Accepted,No (Retained)
CUST_0115,Limited Free Booster,Offer Accepted,No (Retained)
CUST_0116,Unused Data Credit,Offer Accepted,No (Retained)
CUST_0117,Plan Upgrade + Value Benefit,Offer Accepted,No (Retained)
CUST_0118,Unused Data Credit,Offer Accepted,No (Retained)
CUST_0119,Paid Booster Bundle,Offer Accepted,No (Retained)
CUST_0120,Unused Data Credit,Offer Accepted,No (Retained)
CUST_0121,Plan Upgrade + Value Benefit,Offer Ignored,No (Retained)
CUST_0122,Plan Upgrade + Value Benefit,Offer Ignored,No (Retained)
CUST_0123,Limited Free Booster,Offer Accepted,No (Retained)
CUST_0124,Limited Free Booster,Offer Accepted,No (Retained)
CUST_0127,Limited Free Booster,Offer Accepted,No (Retained)
CUST_0131,Limited Free Booster,Offer Accepted,No (Retained)
CUST_0132,Plan Upgrade + Value Benefit,Offer Accepted,No (Retained)
CUST_0133,Paid Booster Bundle,Offer Accepted,No (Retained)
CUST_0134,Paid Booster Bundle,Offer Ignored,No (Retained)
CUST_0137,Plan Upgrade + Value Benefit,Offer Ignored,Yes (Churned)
CUST_0141,Unused Data Credit,Offer Accepted,No (Retained)
CUST_0142,Limited Free Booster,Offer Accepted,No (Retained)
CUST_0143,Unused Data Credit,Offer Ignored,Yes (Churned)
CUST_0144,Paid Booster Bundle,Offer Accepted,No (Retained)
CUST_0145,Limited Free Booster,Offer Accepted,No (Retained)
CUST_0146,Limited Free Booster,Offer Accepted,No (Retained)
CUST_0147,Unused Data Credit,Offer Accepted,No (Retained)
CUST_0148,Limited Free Booster,Offer Accepted,No (Retained)
CUST_0152,Unused Data Credit,Offer Accepted,No (Retained)
CUST_0153,Limited Free Booster,Offer Accepted,No (Retained)
CUST_0154,Plan Upgrade + Value Benefit,Offer Ignored,No (Retained)
CUST_0159,Plan Upgrade + Value Benefit,Offer Ignored,No (Retained)
CUST_0160,Paid Booster Bundle,Offer Accepted,No (Retained)
CUST_0162,Unused Data Credit,Offer Accepted,No (Retained)
CUST_0167,Unused Data Credit,Offer Accepted,No (Retained)
CUST_0169,Unused Data Credit,Offer Accepted,No (Retained)
CUST_0170,Plan Upgrade + Value Benefit,Offer Ignored,No (Retained)
CUST_0173,Paid Booster Bundle,Offer Ignored,No (Retained)
CUST_0175,Plan Upgrade + Value Benefit,Offer Accepted,No (Retained)
CUST_0177,Limited Free Booster,Offer Accepted,No (Retained)
CUST_0180,Limited Free Booster,Offer Accepted,No (Retained)
CUST_0182,Plan Upgrade + Value Benefit,Offer Ignored,No (Retained)
CUST_0183,Limited Free Booster,Offer Accepted,No (Retained)
CUST_0184,Unused Data Credit,Offer Accepted,No (Retained)
CUST_0185,Plan Upgrade + Value Benefit,Offer Accepted,No (Retained)
CUST_0186,Plan Upgrade + Value Benefit,Offer Ignored,Yes (Churned)
CUST_0187,Paid Booster Bundle,Offer Ignored,No (Retained)
CUST_0188,Paid Booster Bundle,Offer Ignored,Yes (Churned)
CUST_0190,Limited Free Booster,Offer Ignored,Yes (Churned)
CUST_0191,Paid Booster Bundle,Offer Accepted,No (Retained)
CUST_0192,Unused Data Credit,Offer Accepted,No (Retained)
CUST_0194,Plan Upgrade + Value Benefit,Offer Ignored,No (Retained)
CUST_0195,Paid Booster Bundle,Offer Ignored,Yes (Churned)
CUST_0196,Paid Booster Bundle,Offer Accepted,No (Retained)
CUST_0197,Paid Booster Bundle,Offer Ignored,Yes (Churned)
CUST_0198,Plan Upgrade + Value Benefit,Offer Accepted,No (Retained)
CUST_0199,Paid Booster Bundle,Offer Accepted,No (Retained)
CUST_0200,Unused Data Credit,Offer Accepted,No (Retained)
CUST_0201,Limited Free Booster,Offer Ignored,Yes (Churned)
CUST_0203,Limited Free Booster,Offer Accepted,No (Retained)
CUST_0204,Plan Upgrade + Value Benefit,Offer Ignored,Yes (Churned)
CUST_0205,Limited Free Booster,Offer Ignored,Yes (Churned)
CUST_0207,Limited Free Booster,Offer Accepted,No (Retained)
CUST_0209,Plan Upgrade + Value Benefit,Offer Accepted,No (Retained)
CUST_0213,Unused Data Credit,Offer Accepted,No (Retained)
CUST_0215,Unused Data Credit,Offer Ignored,Yes (Churned)
CUST_0216,Unused Data Credit,Offer Accepted,No (Retained)
CUST_0218,Plan Upgrade + Value Benefit,Offer Ignored,No (Retained)
CUST_0219,Unused Data Credit,Offer Accepted,No (Retained)
CUST_0222,Limited Free Booster,Offer Accepted,No (Retained)
CUST_0223,Unused Data Credit,Offer Ignored,No (Retained)
CUST_0224,Limited Free Booster,Offer Accepted,No (Retained)
CUST_0226,Unused Data Credit,Offer Accepted,No (Retained)
CUST_0227,Paid Booster Bundle,Offer Ignored,Yes (Churned)
CUST_0229,Paid Booster Bundle,Offer Accepted,No (Retained)
CUST_0231,Paid Booster Bundle,Offer Accepted,No (Retained)
CUST_0234,Unused Data Credit,Offer Accepted,No (Retained)
CUST_0236,Paid Booster Bundle,Offer Ignored,Yes (Churned)
CUST_0238,Plan Upgrade + Value Benefit,Offer Ignored,Yes (Churned)
CUST_0239,Unused Data Credit,Offer Ignored,Yes (Churned)
CUST_0240,Limited Free Booster,Offer Ignored,No (Retained)
CUST_0241,Limited Free Booster,Offer Ignored,Yes (Churned)
CUST_0244,Limited Free Booster,Offer Accepted,No (Retained)
CUST_0246,Limited Free Booster,Offer Accepted,No (Retained)
CUST_0247,Plan Upgrade + Value Benefit,Offer Accepted,No (Retained)
CUST_0249,Limited Free Booster,Offer Ignored,Yes (Churned)
CUST_0251,Limited Free Booster,Offer Accepted,No (Retained)
CUST_0252,Plan Upgrade + Value Benefit,Offer Ignored,Yes (Churned)
CUST_0254,Limited Free Booster,Offer Accepted,No (Retained)
CUST_0256,Limited Free Booster,Offer Ignored,No (Retained)
CUST_0257,Paid Booster Bundle,Offer Ignored,Yes (Churned)
CUST_0258,Limited Free Booster,Offer Accepted,No (Retained)
CUST_0259,Plan Upgrade + Value Benefit,Offer Accepted,No (Retained)
CUST_0261,Paid Booster Bundle,Offer Accepted,No (Retained)
CUST_0262,Unused Data Credit,Offer Accepted,No (Retained)
CUST_0263,Limited Free Booster,Offer Accepted,No (Retained)
CUST_0265,Limited Free Booster,Offer Accepted,No (Retained)
CUST_0266,Plan Upgrade + Value Benefit,Offer Ignored,No (Retained)
CUST_0267,Paid Booster Bundle,Offer Accepted,No (Retained)
CUST_0268,Limited Free Booster,Offer Accepted,No (Retained)
CUST_0270,Limited Free Booster,Offer Accepted,No (Retained)
CUST_0271,Limited Free Booster,Offer Accepted,No (Retained)
CUST_0272,Limited Free Booster,Offer Accepted,No (Retained)
CUST_0273,Plan Upgrade + Value Benefit,Offer Ignored,Yes (Churned)
CUST_0274,Plan Upgrade + Value Benefit,Offer Accepted,No (Retained)
CUST_0276,Plan Upgrade + Value Benefit,Offer Accepted,No (Retained)
CUST_0277,Paid Booster Bundle,Offer Accepted,No (Retained)
CUST_0280,Limited Free Booster,Offer Accepted,No (Retained)
CUST_0282,Plan Upgrade + Value Benefit,Offer Ignored,Yes (Churned)
CUST_0283,Unused Data Credit,Offer Accepted,No (Retained)
CUST_0284,Unused Data Credit,Offer Accepted,No (Retained)
CUST_0286,Plan Upgrade + Value Benefit,Offer Accepted,No (Retained)
CUST_0289,Unused Data Credit,Offer Accepted,No (Retained)
CUST_0290,Unused Data Credit,Offer Ignored,Yes (Churned)
CUST_0291,Plan Upgrade + Value Benefit,Offer Accepted,No (Retained)
CUST_0292,Limited Free Booster,Offer Ignored,Yes (Churned)
CUST_0293,Unused Data Credit,Offer Accepted,No (Retained)
CUST_0294,Unused Data Credit,Offer Ignored,Yes (Churned)
CUST_0295,Plan Upgrade + Value Benefit,Offer Accepted,No (Retained)
CUST_0296,Plan Upgrade + Value Benefit,Offer Ignored,No (Retained)
CUST_0297,Plan Upgrade + Value Benefit,Offer Accepted,No (Retained)
CUST_0299,Limited Free Booster,Offer Ignored,No (Retained)
CUST_0300,Paid Booster Bundle,Offer Ignored,No (Retained)
CUST_0302,Paid Booster Bundle,Offer Ignored,Yes (Churned)
CUST_0303,Unused Data Credit,Offer Ignored,Yes (Churned)
CUST_0304,Plan Upgrade + Value Benefit,Offer Ignored,Yes (Churned)
CUST_0305,Unused Data Credit,Offer Accepted,No (Retained)
CUST_0308,Paid Booster Bundle,Offer Accepted,No (Retained)
CUST_0309,Limited Free Booster,Offer Accepted,No (Retained)
CUST_0311,Limited Free Booster,Offer Ignored,No (Retained)
CUST_0314,Plan Upgrade + Value Benefit,Offer Accepted,No (Retained)
CUST_0315,Paid Booster Bundle,Offer Accepted,No (Retained)
CUST_0316,Limited Free Booster,Offer Accepted,No (Retained)
CUST_0318,Plan Upgrade + Value Benefit,Offer Accepted,No (Retained)
CUST_0320,Plan Upgrade + Value Benefit,Offer Ignored,Yes (Churned)
CUST_0321,Unused Data Credit,Offer Ignored,Yes (Churned)
CUST_0322,Paid Booster Bundle,Offer Accepted,No (Retained)
CUST_0323,Limited Free Booster,Offer Accepted,No (Retained)
CUST_0324,Limited Free Booster,Offer Accepted,No (Retained)
CUST_0331,Limited Free Booster,Offer Accepted,No (Retained)
CUST_0333,Unused Data Credit,Offer Accepted,No (Retained)
CUST_0335,Limited Free Booster,Offer Accepted,No (Retained)
CUST_0338,Paid Booster Bundle,Offer Accepted,No (Retained)
CUST_0340,Unused Data Credit,Offer Ignored,Yes (Churned)
CUST_0342,Limited Free Booster,Offer Accepted,No (Retained)
CUST_0344,Unused Data Credit,Offer Accepted,No (Retained)
CUST_0345,Limited Free Booster,Offer Accepted,No (Retained)
CUST_0346,Unused Data Credit,Offer Accepted,No (Retained)
CUST_0348,Plan Upgrade + Value Benefit,Offer Accepted,No (Retained)
CUST_0350,Limited Free Booster,Offer Ignored,No (Retained)
CUST_0351,Limited Free Booster,Offer Accepted,No (Retained)
CUST_0353,Limited Free Booster,Offer Accepted,No (Retained)
CUST_0356,Unused Data Credit,Offer Accepted,No (Retained)
CUST_0357,Unused Data Credit,Offer Accepted,No (Retained)
CUST_0358,Limited Free Booster,Offer Accepted,No (Retained)
CUST_0359,Plan Upgrade + Value Benefit,Offer Accepted,No (Retained)
CUST_0361,Unused Data Credit,Offer Accepted,No (Retained)
CUST_0362,Paid Booster Bundle,Offer Ignored,Yes (Churned)
CUST_0363,Paid Booster Bundle,Offer Ignored,Yes (Churned)
CUST_0364,Paid Booster Bundle,Offer Accepted,No (Retained)
CUST_0365,Paid Booster Bundle,Offer Accepted,No (Retained)
CUST_0367,Plan Upgrade + Value Benefit,Offer Ignored,Yes (Churned)
CUST_0368,Plan Upgrade + Value Benefit,Offer Accepted,No (Retained)
CUST_0371,Unused Data Credit,Offer Accepted,No (Retained)
CUST_0375,Plan Upgrade + Value Benefit,Offer Accepted,No (Retained)
CUST_0376,Paid Booster Bundle,Offer Ignored,Yes (Churned)
CUST_0377,Paid Booster Bundle,Offer Accepted,No (Retained)
CUST_0378,Paid Booster Bundle,Offer Accepted,No (Retained)
CUST_0380,Plan Upgrade + Value Benefit,Offer Ignored,Yes (Churned)
CUST_0382,Unused Data Credit,Offer Accepted,No (Retained)
CUST_0383,Unused Data Credit,Offer Accepted,No (Retained)
CUST_0386,Unused Data Credit,Offer Accepted,No (Retained)
CUST_0387,Limited Free Booster,Offer Ignored,Yes (Churned)
CUST_0389,Paid Booster Bundle,Offer Accepted,No (Retained)
CUST_0391,Paid Booster Bundle,Offer Ignored,No (Retained)
CUST_0392,Unused Data Credit,Offer Accepted,No (Retained)
CUST_0397,Unused Data Credit,Offer Accepted,No (Retained)
CUST_0398,Plan Upgrade + Value Benefit,Offer Accepted,No (Retained)
CUST_0399,Paid Booster Bundle,Offer Accepted,No (Retained)
CUST_0400,Paid Booster Bundle,Offer Ignored,Yes (Churned)
CUST_0402,Paid Booster Bundle,Offer Ignored,No (Retained)
CUST_0403,Plan Upgrade + Value Benefit,Offer Ignored,Yes (Churned)
CUST_0405,Paid Booster Bundle,Offer Accepted,No (Retained)
CUST_0408,Limited Free Booster,Offer Accepted,No (Retained)
CUST_0410,Unused Data Credit,Offer Accepted,No (Retained)
CUST_0413,Limited Free Booster,Offer Accepted,No (Retained)
CUST_0415,Paid Booster Bundle,Offer Accepted,No (Retained)
CUST_0417,Unused Data Credit,Offer Ignored,No (Retained)
CUST_0418,Limited Free Booster,Offer Accepted,No (Retained)
CUST_0419,Unused Data Credit,Offer Accepted,No (Retained)
CUST_0422,Paid Booster Bundle,Offer Accepted,No (Retained)
CUST_0425,Paid Booster Bundle,Offer Accepted,No (Retained)
CUST_0427,Plan Upgrade + Value Benefit,Offer Accepted,No (Retained)
CUST_0428,Unused Data Credit,Offer Accepted,No (Retained)
CUST_0429,Paid Booster Bundle,Offer Ignored,No (Retained)
CUST_0430,Unused Data Credit,Offer Accepted,No (Retained)
CUST_0432,Paid Booster Bundle,Offer Ignored,Yes (Churned)
CUST_0434,Limited Free Booster,Offer Ignored,Yes (Churned)
CUST_0435,Plan Upgrade + Value Benefit,Offer Accepted,No (Retained)
CUST_0436,Paid Booster Bundle,Offer Ignored,Yes (Churned)
CUST_0439,Unused Data Credit,Offer Accepted,No (Retained)
CUST_0441,Limited Free Booster,Offer Accepted,No (Retained)
CUST_0442,Unused Data Credit,Offer Ignored,Yes (Churned)
CUST_0443,Plan Upgrade + Value Benefit,Offer Ignored,Yes (Churned)
CUST_0446,Paid Booster Bundle,Offer Accepted,No (Retained)
CUST_0447,Limited Free Booster,Offer Ignored,Yes (Churned)
CUST_0448,Unused Data Credit,Offer Accepted,No (Retained)
CUST_0452,Paid Booster Bundle,Offer Accepted,No (Retained)
CUST_0453,Unused Data Credit,Offer Accepted,No (Retained)
CUST_0455,Limited Free Booster,Offer Ignored,Yes (Churned)
CUST_0456,Plan Upgrade + Value Benefit,Offer Accepted,No (Retained)
CUST_0457,Limited Free Booster,Offer Accepted,No (Retained)
CUST_0459,Plan Upgrade + Value Benefit,Offer Ignored,Yes (Churned)
CUST_0460,Unused Data Credit,Offer Accepted,No (Retained)
CUST_0462,Paid Booster Bundle,Offer Accepted,No (Retained)
CUST_0464,Limited Free Booster,Offer Ignored,Yes (Churned)
CUST_0465,Unused Data Credit,Offer Accepted,No (Retained)
CUST_0467,Limited Free Booster,Offer Accepted,No (Retained)
CUST_0469,Unused Data Credit,Offer Accepted,No (Retained)
CUST_0471,Plan Upgrade + Value Benefit,Offer Accepted,No (Retained)
CUST_0475,Plan Upgrade + Value Benefit,Offer Ignored,Yes (Churned)
CUST_0477,Plan Upgrade + Value Benefit,Offer Accepted,No (Retained)
CUST_0479,Unused Data Credit,Offer Ignored,Yes (Churned)
CUST_0480,Paid Booster Bundle,Offer Ignored,Yes (Churned)
CUST_0481,Paid Booster Bundle,Offer Accepted,No (Retained)
CUST_0482,Unused Data Credit,Offer Accepted,No (Retained)
CUST_0485,Plan Upgrade + Value Benefit,Offer Accepted,No (Retained)
CUST_0487,Limited Free Booster,Offer Accepted,No (Retained)
CUST_0488,Paid Booster Bundle,Offer Accepted,No (Retained)
CUST_0489,Paid Booster Bundle,Offer Accepted,No (Retained)
CUST_0490,Paid Booster Bundle,Offer Accepted,No (Retained)
CUST_0494,Limited Free Booster,Offer Accepted,No (Retained)
CUST_0496,Limited Free Booster,Offer Accepted,No (Retained)
CUST_0499,Paid Booster Bundle,Offer Accepted,No (Retained)
CUST_0500,Paid Booster Bundle,Offer Ignored,Yes (Churned)
CUST_0501,Paid Booster Bundle,Offer Ignored,No (Retained)
CUST_0503,Plan Upgrade + Value Benefit,Offer Accepted,No (Retained)
CUST_0505,Paid Booster Bundle,Offer Ignored,Yes (Churned)
CUST_0506,Plan Upgrade + Value Benefit,Offer Accepted,No (Retained)
CUST_0508,Unused Data Credit,Offer Accepted,No (Retained)
CUST_0514,Unused Data Credit,Offer Accepted,No (Retained)
CUST_0515,Unused Data Credit,Offer Accepted,No (Retained)
CUST_0517,Plan Upgrade + Value Benefit,Offer Accepted,No (Retained)
CUST_0518,Limited Free Booster,Offer Accepted,No (Retained)
CUST_0519,Unused Data Credit,Offer Accepted,No (Retained)
CUST_0520,Plan Upgrade + Value Benefit,Offer Ignored,Yes (Churned)
CUST_0525,Unused Data Credit,Offer Accepted,No (Retained)
CUST_0526,Unused Data Credit,Offer Accepted,No (Retained)
CUST_0529,Plan Upgrade + Value Benefit,Offer Ignored,No (Retained)
CUST_0530,Plan Upgrade + Value Benefit,Offer Ignored,Yes (Churned)
CUST_0534,Unused Data Credit,Offer Accepted,No (Retained)
CUST_0535,Unused Data Credit,Offer Accepted,No (Retained)
CUST_0536,Plan Upgrade + Value Benefit,Offer Accepted,No (Retained)
CUST_0537,Paid Booster Bundle,Offer Accepted,No (Retained)
CUST_0539,Limited Free Booster,Offer Accepted,No (Retained)
CUST_0541,Limited Free Booster,Offer Accepted,No (Retained)
CUST_0542,Paid Booster Bundle,Offer Ignored,Yes (Churned)
CUST_0543,Plan Upgrade + Value Benefit,Offer Ignored,No (Retained)
CUST_0545,Paid Booster Bundle,Offer Accepted,No (Retained)
CUST_0546,Limited Free Booster,Offer Ignored,Yes (Churned)
CUST_0548,Plan Upgrade + Value Benefit,Offer Ignored,Yes (Churned)
CUST_0550,Limited Free Booster,Offer Accepted,No (Retained)
CUST_0551,Paid Booster Bundle,Offer Ignored,Yes (Churned)
CUST_0553,Plan Upgrade + Value Benefit,Offer Ignored,Yes (Churned)
CUST_0554,Unused Data Credit,Offer Accepted,No (Retained)
CUST_0555,Unused Data Credit,Offer Ignored,Yes (Churned)
CUST_0556,Paid Booster Bundle,Offer Accepted,No (Retained)
CUST_0557,Limited Free Booster,Offer Accepted,No (Retained)
CUST_0558,Plan Upgrade + Value Benefit,Offer Ignored,Yes (Churned)
CUST_0559,Plan Upgrade + Value Benefit,Offer Ignored,Yes (Churned)
CUST_0560,Paid Booster Bundle,Offer Ignored,No (Retained)
CUST_0562,Plan Upgrade + Value Benefit,Offer Accepted,No (Retained)
CUST_0563,Unused Data Credit,Offer Accepted,No (Retained)
CUST_0566,Plan Upgrade + Value Benefit,Offer Accepted,No (Retained)
CUST_0567,Paid Booster Bundle,Offer Ignored,No (Retained)
CUST_0570,Limited Free Booster,Offer Accepted,No (Retained)
CUST_0574,Paid Booster Bundle,Offer Ignored,Yes (Churned)
CUST_0575,Paid Booster Bundle,Offer Accepted,No (Retained)
CUST_0580,Limited Free Booster,Offer Accepted,No (Retained)
CUST_0582,Limited Free Booster,Offer Accepted,No (Retained)
CUST_0583,Paid Booster Bundle,Offer Accepted,No (Retained)
CUST_0586,Limited Free Booster,Offer Ignored,Yes (Churned)
CUST_0589,Unused Data Credit,Offer Accepted,No (Retained)
CUST_0590,Plan Upgrade + Value Benefit,Offer Accepted,No (Retained)
CUST_0592,Unused Data Credit,Offer Accepted,No (Retained)
CUST_0593,Plan Upgrade + Value Benefit,Offer Accepted,No (Retained)
CUST_0594,Plan Upgrade + Value Benefit,Offer Accepted,No (Retained)
CUST_0596,Limited Free Booster,Offer Accepted,No (Retained)
CUST_0599,Unused Data Credit,Offer Accepted,No (Retained)
CUST_0601,Limited Free Booster,Offer Ignored,No (Retained)
CUST_0602,Unused Data Credit,Offer Accepted,No (Retained)
CUST_0603,Plan Upgrade + Value Benefit,Offer Accepted,No (Retained)
CUST_0605,Unused Data Credit,Offer Accepted,No (Retained)
CUST_0607,Paid Booster Bundle,Offer Accepted,No (Retained)
CUST_0608,Unused Data Credit,Offer Accepted,No (Retained)
CUST_0609,Plan Upgrade + Value Benefit,Offer Ignored,Yes (Churned)
CUST_0610,Unused Data Credit,Offer Accepted,No (Retained)
CUST_0612,Paid Booster Bundle,Offer Ignored,No (Retained)
CUST_0613,Unused Data Credit,Offer Ignored,Yes (Churned)
CUST_0616,Paid Booster Bundle,Offer Ignored,Yes (Churned)
CUST_0617,Unused Data Credit,Offer Accepted,No (Retained)
CUST_0622,Unused Data Credit,Offer Accepted,No (Retained)
CUST_0623,Plan Upgrade + Value Benefit,Offer Accepted,No (Retained)
CUST_0625,Unused Data Credit,Offer Accepted,No (Retained)
CUST_0626,Unused Data Credit,Offer Accepted,No (Retained)
CUST_0628,Unused Data Credit,Offer Ignored,Yes (Churned)
CUST_0629,Unused Data Credit,Offer Accepted,No (Retained)
CUST_0630,Paid Booster Bundle,Offer Ignored,Yes (Churned)
CUST_0631,Paid Booster Bundle,Offer Accepted,No (Retained)
CUST_0632,Plan Upgrade + Value Benefit,Offer Ignored,Yes (Churned)
CUST_0633,Limited Free Booster,Offer Accepted,No (Retained)
CUST_0634,Unused Data Credit,Offer Accepted,No (Retained)
CUST_0636,Plan Upgrade + Value Benefit,Offer Ignored,Yes (Churned)
CUST_0637,Paid Booster Bundle,Offer Accepted,No (Retained)
CUST_0638,Unused Data Credit,Offer Accepted,No (Retained)
CUST_0639,Unused Data Credit,Offer Accepted,No (Retained)
CUST_0640,Plan Upgrade + Value Benefit,Offer Ignored,Yes (Churned)
CUST_0641,Limited Free Booster,Offer Accepted,No (Retained)
CUST_0642,Plan Upgrade + Value Benefit,Offer Accepted,No (Retained)
CUST_0645,Paid Booster Bundle,Offer Accepted,No (Retained)
CUST_0646,Unused Data Credit,Offer Accepted,No (Retained)
CUST_0647,Paid Booster Bundle,Offer Accepted,No (Retained)
CUST_0648,Plan Upgrade + Value Benefit,Offer Accepted,No (Retained)
CUST_0651,Paid Booster Bundle,Offer Accepted,No (Retained)
CUST_0652,Unused Data Credit,Offer Ignored,No (Retained)
CUST_0654,Limited Free Booster,Offer Ignored,Yes (Churned)
CUST_0655,Limited Free Booster,Offer Accepted,No (Retained)
CUST_0657,Limited Free Booster,Offer Ignored,Yes (Churned)
CUST_0659,Limited Free Booster,Offer Accepted,No (Retained)
CUST_0661,Paid Booster Bundle,Offer Accepted,No (Retained)
CUST_0662,Unused Data Credit,Offer Accepted,No (Retained)
CUST_0663,Limited Free Booster,Offer Accepted,No (Retained)
CUST_0665,Plan Upgrade + Value Benefit,Offer Ignored,Yes (Churned)
CUST_0666,Plan Upgrade + Value Benefit,Offer Accepted,No (Retained)
CUST_0667,Unused Data Credit,Offer Ignored,Yes (Churned)
CUST_0669,Paid Booster Bundle,Offer Accepted,No (Retained)
CUST_0671,Paid Booster Bundle,Offer Accepted,No (Retained)
CUST_0672,Unused Data Credit,Offer Accepted,No (Retained)
CUST_0673,Limited Free Booster,Offer Accepted,No (Retained)
CUST_0674,Limited Free Booster,Offer Accepted,No (Retained)
CUST_0676,Paid Booster Bundle,Offer Accepted,No (Retained)
CUST_0678,Unused Data Credit,Offer Accepted,No (Retained)
CUST_0680,Plan Upgrade + Value Benefit,Offer Accepted,No (Retained)
CUST_0681,Paid Booster Bundle,Offer Ignored,Yes (Churned)
CUST_0682,Limited Free Booster,Offer Accepted,No (Retained)
CUST_0686,Paid Booster Bundle,Offer Ignored,Yes (Churned)
CUST_0687,Limited Free Booster,Offer Accepted,No (Retained)
CUST_0689,Unused Data Credit,Offer Accepted,No (Retained)
CUST_0690,Paid Booster Bundle,Offer Accepted,No (Retained)
CUST_0691,Paid Booster Bundle,Offer Accepted,No (Retained)
CUST_0692,Plan Upgrade + Value Benefit,Offer Accepted,No (Retained)
CUST_0693,Paid Booster Bundle,Offer Accepted,No (Retained)
CUST_0696,Plan Upgrade + Value Benefit,Offer Accepted,No (Retained)
CUST_0697,Paid Booster Bundle,Offer Ignored,No (Retained)
CUST_0698,Plan Upgrade + Value Benefit,Offer Ignored,Yes (Churned)
CUST_0699,Unused Data Credit,Offer Accepted,No (Retained)
CUST_0700,Plan Upgrade + Value Benefit,Offer Ignored,Yes (Churned)
CUST_0701,Limited Free Booster,Offer Accepted,No (Retained)
CUST_0702,Paid Booster Bundle,Offer Accepted,No (Retained)
CUST_0704,Plan Upgrade + Value Benefit,Offer Accepted,No (Retained)
CUST_0705,Plan Upgrade + Value Benefit,Offer Ignored,No (Retained)
CUST_0707,Unused Data Credit,Offer Accepted,No (Retained)
CUST_0710,Unused Data Credit,Offer Accepted,No (Retained)
CUST_0711,Plan Upgrade + Value Benefit,Offer Accepted,No (Retained)
CUST_0713,Limited Free Booster,Offer Ignored,Yes (Churned)
CUST_0714,Unused Data Credit,Offer Ignored,Yes (Churned)
CUST_0715,Limited Free Booster,Offer Ignored,Yes (Churned)
CUST_0717,Paid Booster Bundle,Offer Accepted,No (Retained)
CUST_0719,Plan Upgrade + Value Benefit,Offer Ignored,Yes (Churned)
CUST_0720,Unused Data Credit,Offer Ignored,Yes (Churned)
CUST_0721,Unused Data Credit,Offer Accepted,No (Retained)
CUST_0723,Paid Booster Bundle,Offer Ignored,Yes (Churned)
CUST_0726,Plan Upgrade + Value Benefit,Offer Accepted,No (Retained)
CUST_0727,Limited Free Booster,Offer Ignored,Yes (Churned)
CUST_0729,Plan Upgrade + Value Benefit,Offer Ignored,No (Retained)
CUST_0730,Paid Booster Bundle,Offer Accepted,No (Retained)
CUST_0732,Plan Upgrade + Value Benefit,Offer Accepted,No (Retained)
CUST_0733,Unused Data Credit,Offer Accepted,No (Retained)
CUST_0735,Plan Upgrade + Value Benefit,Offer Ignored,No (Retained)
CUST_0736,Paid Booster Bundle,Offer Ignored,No (Retained)
CUST_0739,Unused Data Credit,Offer Accepted,No (Retained)
CUST_0740,Limited Free Booster,Offer Ignored,No (Retained)
CUST_0742,Unused Data Credit,Offer Accepted,No (Retained)
CUST_0743,Unused Data Credit,Offer Accepted,No (Retained)
CUST_0744,Paid Booster Bundle,Offer Ignored,No (Retained)
CUST_0745,Unused Data Credit,Offer Accepted,No (Retained)
CUST_0746,Plan Upgrade + Value Benefit,Offer Ignored,No (Retained)
CUST_0747,Paid Booster Bundle,Offer Accepted,No (Retained)
CUST_0748,Paid Booster Bundle,Offer Accepted,No (Retained)
CUST_0749,Plan Upgrade + Value Benefit,Offer Accepted,No (Retained)
CUST_0751,Unused Data Credit,Offer Ignored,No (Retained)
CUST_0752,Unused Data Credit,Offer Accepted,No (Retained)
CUST_0754,Limited Free Booster,Offer Accepted,No (Retained)
CUST_0760,Unused Data Credit,Offer Accepted,No (Retained)
CUST_0762,Paid Booster Bundle,Offer Accepted,No (Retained)
CUST_0763,Unused Data Credit,Offer Accepted,No (Retained)
CUST_0764,Paid Booster Bundle,Offer Accepted,No (Retained)
CUST_0765,Paid Booster Bundle,Offer Ignored,No (Retained)
CUST_0766,Limited Free Booster,Offer Ignored,No (Retained)
CUST_0769,Plan Upgrade + Value Benefit,Offer Accepted,No (Retained)
CUST_0771,Unused Data Credit,Offer Ignored,Yes (Churned)
CUST_0772,Unused Data Credit,Offer Accepted,No (Retained)
CUST_0775,Paid Booster Bundle,Offer Ignored,Yes (Churned)
CUST_0776,Limited Free Booster,Offer Accepted,No (Retained)
CUST_0777,Plan Upgrade + Value Benefit,Offer Ignored,Yes (Churned)
CUST_0778,Plan Upgrade + Value Benefit,Offer Ignored,Yes (Churned)
CUST_0779,Limited Free Booster,Offer Accepted,No (Retained)
CUST_0781,Unused Data Credit,Offer Accepted,No (Retained)
CUST_0782,Limited Free Booster,Offer Accepted,No (Retained)
CUST_0785,Limited Free Booster,Offer Accepted,No (Retained)
CUST_0786,Limited Free Booster,Offer Accepted,No (Retained)
CUST_0787,Limited Free Booster,Offer Accepted,No (Retained)
CUST_0788,Plan Upgrade + Value Benefit,Offer Accepted,No (Retained)
CUST_0789,Plan Upgrade + Value Benefit,Offer Accepted,No (Retained)
CUST_0790,Limited Free Booster,Offer Accepted,No (Retained)
CUST_0791,Unused Data Credit,Offer Accepted,No (Retained)
CUST_0792,Unused Data Credit,Offer Accepted,No (Retained)
CUST_0794,Paid Booster Bundle,Offer Accepted,No (Retained)
CUST_0795,Paid Booster Bundle,Offer Ignored,Yes (Churned)
CUST_0797,Limited Free Booster,Offer Accepted,No (Retained)
CUST_0798,Limited Free Booster,Offer Accepted,No (Retained)
CUST_0799,Plan Upgrade + Value Benefit,Offer Ignored,No (Retained)
CUST_0802,Paid Booster Bundle,Offer Accepted,No (Retained)
CUST_0803,Unused Data Credit,Offer Accepted,No (Retained)
CUST_0805,Plan Upgrade + Value Benefit,Offer Accepted,No (Retained)
CUST_0807,Unused Data Credit,Offer Accepted,No (Retained)
CUST_0808,Paid Booster Bundle,Offer Accepted,No (Retained)
CUST_0809,Paid Booster Bundle,Offer Ignored,Yes (Churned)
CUST_0810,Limited Free Booster,Offer Ignored,Yes (Churned)
CUST_0812,Unused Data Credit,Offer Accepted,No (Retained)
CUST_0814,Paid Booster Bundle,Offer Ignored,No (Retained)
CUST_0815,Paid Booster Bundle,Offer Accepted,No (Retained)
CUST_0816,Limited Free Booster,Offer Accepted,No (Retained)
CUST_0818,Paid Booster Bundle,Offer Accepted,No (Retained)
CUST_0821,Paid Booster Bundle,Offer Ignored,Yes (Churned)
CUST_0822,Unused Data Credit,Offer Accepted,No (Retained)
CUST_0823,Limited Free Booster,Offer Accepted,No (Retained)
CUST_0824,Unused Data Credit,Offer Accepted,No (Retained)
CUST_0825,Paid Booster Bundle,Offer Ignored,Yes (Churned)
CUST_0830,Paid Booster Bundle,Offer Accepted,No (Retained)
CUST_0831,Paid Booster Bundle,Offer Accepted,No (Retained)
CUST_0832,Limited Free Booster,Offer Accepted,No (Retained)
CUST_0835,Unused Data Credit,Offer Accepted,No (Retained)
CUST_0836,Limited Free Booster,Offer Accepted,No (Retained)
CUST_0838,Unused Data Credit,Offer Accepted,No (Retained)
CUST_0840,Unused Data Credit,Offer Accepted,No (Retained)
CUST_0841,Unused Data Credit,Offer Accepted,No (Retained)
CUST_0843,Unused Data Credit,Offer Accepted,No (Retained)
CUST_0844,Limited Free Booster,Offer Accepted,No (Retained)
CUST_0845,Plan Upgrade + Value Benefit,Offer Ignored,Yes (Churned)
CUST_0846,Unused Data Credit,Offer Accepted,No (Retained)
CUST_0848,Limited Free Booster,Offer Accepted,No (Retained)
CUST_0851,Unused Data Credit,Offer Accepted,No (Retained)
CUST_0854,Paid Booster Bundle,Offer Accepted,No (Retained)
CUST_0855,Unused Data Credit,Offer Accepted,No (Retained)
CUST_0856,Paid Booster Bundle,Offer Ignored,Yes (Churned)
CUST_0858,Limited Free Booster,Offer Accepted,No (Retained)
CUST_0859,Unused Data Credit,Offer Accepted,No (Retained)
CUST_0861,Limited Free Booster,Offer Accepted,No (Retained)
CUST_0864,Paid Booster Bundle,Offer Ignored,Yes (Churned)
CUST_0868,Plan Upgrade + Value Benefit,Offer Accepted,No (Retained)
CUST_0869,Paid Booster Bundle,Offer Accepted,No (Retained)
CUST_0871,Paid Booster Bundle,Offer Ignored,Yes (Churned)
CUST_0874,Limited Free Booster,Offer Accepted,No (Retained)
CUST_0875,Paid Booster Bundle,Offer Accepted,No (Retained)
CUST_0876,Unused Data Credit,Offer Accepted,No (Retained)
CUST_0877,Plan Upgrade + Value Benefit,Offer Accepted,No (Retained)
CUST_0878,Paid Booster Bundle,Offer Accepted,No (Retained)
CUST_0880,Limited Free Booster,Offer Ignored,No (Retained)
CUST_0881,Unused Data Credit,Offer Accepted,No (Retained)
CUST_0882,Limited Free Booster,Offer Accepted,No (Retained)
CUST_0884,Limited Free Booster,Offer Ignored,No (Retained)
CUST_0885,Limited Free Booster,Offer Ignored,Yes (Churned)
CUST_0886,Unused Data Credit,Offer Ignored,Yes (Churned)
CUST_0887,Limited Free Booster,Offer Accepted,No (Retained)
CUST_0889,Limited Free Booster,Offer Accepted,No (Retained)
CUST_0890,Plan Upgrade + Value Benefit,Offer Accepted,No (Retained)
CUST_0891,Limited Free Booster,Offer Ignored,Yes (Churned)
CUST_0893,Plan Upgrade + Value Benefit,Offer Accepted,No (Retained)
CUST_0894,Limited Free Booster,Offer Accepted,No (Retained)
CUST_0895,Paid Booster Bundle,Offer Ignored,Yes (Churned)
CUST_0897,Plan Upgrade + Value Benefit,Offer Accepted,No (Retained)
CUST_0898,Unused Data Credit,Offer Accepted,No (Retained)
CUST_0899,Plan Upgrade + Value Benefit,Offer Ignored,No (Retained)
CUST_0902,Plan Upgrade + Value Benefit,Offer Accepted,No (Retained)
CUST_0906,Plan Upgrade + Value Benefit,Offer Ignored,Yes (Churned)
CUST_0908,Paid Booster Bundle,Offer Ignored,Yes (Churned)
CUST_0909,Unused Data Credit,Offer Accepted,No (Retained)
CUST_0912,Limited Free Booster,Offer Accepted,No (Retained)
CUST_0915,Limited Free Booster,Offer Ignored,Yes (Churned)
CUST_0916,Unused Data Credit,Offer Accepted,No (Retained)
CUST_0918,Limited Free Booster,Offer Accepted,No (Retained)
CUST_0919,Limited Free Booster,Offer Accepted,No (Retained)
CUST_0922,Plan Upgrade + Value Benefit,Offer Ignored,Yes (Churned)
CUST_0926,Plan Upgrade + Value Benefit,Offer Ignored,Yes (Churned)
CUST_0927,Plan Upgrade + Value Benefit,Offer Accepted,No (Retained)
CUST_0929,Unused Data Credit,Offer Accepted,No (Retained)
CUST_0930,Limited Free Booster,Offer Accepted,No (Retained)
CUST_0931,Unused Data Credit,Offer Accepted,No (Retained)
CUST_0932,Limited Free Booster,Offer Accepted,No (Retained)
CUST_0933,Paid Booster Bundle,Offer Ignored,Yes (Churned)
CUST_0934,Unused Data Credit,Offer Accepted,No (Retained)
CUST_0936,Paid Booster Bundle,Offer Accepted,No (Retained)
CUST_0937,Unused Data Credit,Offer Accepted,No (Retained)
CUST_0938,Paid Booster Bundle,Offer Ignored,Yes (Churned)
CUST_0940,Limited Free Booster,Offer Accepted,No (Retained)
CUST_0941,Limited Free Booster,Offer Ignored,Yes (Churned)
CUST_0942,Limited Free Booster,Offer Accepted,No (Retained)
CUST_0944,Unused Data Credit,Offer Accepted,No (Retained)
CUST_0946,Limited Free Booster,Offer Ignored,Yes (Churned)
CUST_0948,Paid Booster Bundle,Offer Ignored,Yes (Churned)
CUST_0950,Plan Upgrade + Value Benefit,Offer Ignored,Yes (Churned)
CUST_0951,Unused Data Credit,Offer Accepted,No (Retained)
CUST_0952,Unused Data Credit,Offer Accepted,No (Retained)
CUST_0954,Unused Data Credit,Offer Accepted,No (Retained)
CUST_0955,Unused Data Credit,Offer Accepted,No (Retained)
CUST_0958,Paid Booster Bundle,Offer Accepted,No (Retained)
CUST_0962,Unused Data Credit,Offer Accepted,No (Retained)
CUST_0965,Plan Upgrade + Value Benefit,Offer Ignored,Yes (Churned)
CUST_0966,Limited Free Booster,Offer Accepted,No (Retained)
CUST_0969,Plan Upgrade + Value Benefit,Offer Ignored,Yes (Churned)
CUST_0970,Plan Upgrade + Value Benefit,Offer Accepted,No (Retained)
CUST_0971,Paid Booster Bundle,Offer Accepted,No (Retained)
CUST_0972,Paid Booster Bundle,Offer Ignored,Yes (Churned)
CUST_0975,Limited Free Booster,Offer Accepted,No (Retained)
CUST_0977,Limited Free Booster,Offer Accepted,No (Retained)
CUST_0978,Unused Data Credit,Offer Accepted,No (Retained)
CUST_0981,Limited Free Booster,Offer Accepted,No (Retained)
CUST_0982,Unused Data Credit,Offer Accepted,No (Retained)
CUST_0983,Limited Free Booster,Offer Ignored,No (Retained)
CUST_0984,Paid Booster Bundle,Offer Accepted,No (Retained)
CUST_0985,Paid Booster Bundle,Offer Accepted,No (Retained)
CUST_0988,Unused Data Credit,Offer Accepted,No (Retained)
CUST_0989,Limited Free Booster,Offer Ignored,No (Retained)
CUST_0990,Paid Booster Bundle,Offer Ignored,Yes (Churned)
CUST_0991,Plan Upgrade + Value Benefit,Offer Accepted,No (Retained)
CUST_0992,Paid Booster Bundle,Offer Accepted,No (Retained)
CUST_0993,Plan Upgrade + Value Benefit,Offer Ignored,Yes (Churned)
CUST_0994,Unused Data Credit,Offer Ignored,Yes (Churned)
CUST_0995,Paid Booster Bundle,Offer Ignored,Yes (Churned)
CUST_0996,Limited Free Booster,Offer Accepted,No (Retained)
CUST_0997,Unused Data Credit,Offer Accepted,No (Retained)
CUST_0998,Unused Data Credit,Offer Ignored,Yes (Churned)
CUST_1002,Unused Data Credit,Offer Ignored,Yes (Churned)
CUST_1003,Paid Booster Bundle,Offer Ignored,Yes (Churned)
CUST_1004,Unused Data Credit,Offer Accepted,No (Retained)
CUST_1005,Limited Free Booster,Offer Ignored,Yes (Churned)
CUST_1006,Plan Upgrade + Value Benefit,Offer Ignored,Yes (Churned)
CUST_1007,Unused Data Credit,Offer Accepted,No (Retained)
CUST_1009,Limited Free Booster,Offer Accepted,No (Retained)
CUST_1013,Paid Booster Bundle,Offer Accepted,No (Retained)
CUST_1015,Unused Data Credit,Offer Accepted,No (Retained)
CUST_1016,Paid Booster Bundle,Offer Ignored,No (Retained)
CUST_1019,Unused Data Credit,Offer Accepted,No (Retained)
CUST_1021,Unused Data Credit,Offer Ignored,Yes (Churned)
CUST_1023,Unused Data Credit,Offer Accepted,No (Retained)
CUST_1024,Unused Data Credit,Offer Ignored,Yes (Churned)
CUST_1025,Limited Free Booster,Offer Ignored,Yes (Churned)
CUST_1028,Limited Free Booster,Offer Ignored,Yes (Churned)
CUST_1029,Paid Booster Bundle,Offer Ignored,Yes (Churned)
CUST_1031,Plan Upgrade + Value Benefit,Offer Accepted,No (Retained)
CUST_1032,Paid Booster Bundle,Offer Accepted,No (Retained)
CUST_1034,Unused Data Credit,Offer Accepted,No (Retained)
CUST_1035,Limited Free Booster,Offer Accepted,No (Retained)
CUST_1037,Unused Data Credit,Offer Accepted,No (Retained)
CUST_1038,Plan Upgrade + Value Benefit,Offer Accepted,No (Retained)
CUST_1041,Plan Upgrade + Value Benefit,Offer Ignored,Yes (Churned)
CUST_1043,Limited Free Booster,Offer Ignored,Yes (Churned)
CUST_1044,Paid Booster Bundle,Offer Ignored,Yes (Churned)
CUST_1045,Limited Free Booster,Offer Accepted,No (Retained)
CUST_1046,Paid Booster Bundle,Offer Ignored,No (Retained)
CUST_1049,Paid Booster Bundle,Offer Accepted,No (Retained)
CUST_1053,Plan Upgrade + Value Benefit,Offer Ignored,No (Retained)
CUST_1054,Plan Upgrade + Value Benefit,Offer Ignored,No (Retained)
CUST_1055,Limited Free Booster,Offer Accepted,No (Retained)
CUST_1056,Paid Booster Bundle,Offer Accepted,No (Retained)
CUST_1058,Plan Upgrade + Value Benefit,Offer Accepted,No (Retained)
CUST_1059,Paid Booster Bundle,Offer Ignored,No (Retained)
CUST_1062,Limited Free Booster,Offer Accepted,No (Retained)
CUST_1063,Plan Upgrade + Value Benefit,Offer Ignored,Yes (Churned)
CUST_1067,Unused Data Credit,Offer Accepted,No (Retained)
CUST_1068,Unused Data Credit,Offer Accepted,No (Retained)
CUST_1069,Unused Data Credit,Offer Accepted,No (Retained)
CUST_1070,Limited Free Booster,Offer Accepted,No (Retained)
CUST_1071,Limited Free Booster,Offer Ignored,Yes (Churned)
CUST_1072,Paid Booster Bundle,Offer Accepted,No (Retained)
CUST_1073,Paid Booster Bundle,Offer Accepted,No (Retained)
CUST_1074,Unused Data Credit,Offer Ignored,Yes (Churned)
CUST_1077,Limited Free Booster,Offer Accepted,No (Retained)
CUST_1080,Plan Upgrade + Value Benefit,Offer Accepted,No (Retained)
CUST_1082,Limited Free Booster,Offer Ignored,Yes (Churned)
CUST_1083,Paid Booster Bundle,Offer Accepted,No (Retained)
CUST_1085,Unused Data Credit,Offer Accepted,No (Retained)
CUST_1086,Paid Booster Bundle,Offer Accepted,No (Retained)
CUST_1087,Paid Booster Bundle,Offer Ignored,Yes (Churned)
CUST_1089,Plan Upgrade + Value Benefit,Offer Ignored,Yes (Churned)
CUST_1093,Unused Data Credit,Offer Ignored,Yes (Churned)
CUST_1096,Plan Upgrade + Value Benefit,Offer Accepted,No (Retained)
CUST_1097,Unused Data Credit,Offer Accepted,No (Retained)
CUST_1099,Plan Upgrade + Value Benefit,Offer Accepted,No (Retained)
CUST_1103,Plan Upgrade + Value Benefit,Offer Ignored,Yes (Churned)
CUST_1104,Unused Data Credit,Offer Accepted,No (Retained)
CUST_1106,Limited Free Booster,Offer Ignored,Yes (Churned)
CUST_1108,Limited Free Booster,Offer Ignored,Yes (Churned)
CUST_1110,Plan Upgrade + Value Benefit,Offer Ignored,Yes (Churned)
CUST_1114,Unused Data Credit,Offer Ignored,Yes (Churned)
CUST_1116,Unused Data Credit,Offer Accepted,No (Retained)
CUST_1117,Limited Free Booster,Offer Accepted,No (Retained)
CUST_1119,Unused Data Credit,Offer Accepted,No (Retained)
CUST_1120,Unused Data Credit,Offer Accepted,No (Retained)
CUST_1121,Limited Free Booster,Offer Accepted,No (Retained)
CUST_1123,Paid Booster Bundle,Offer Ignored,Yes (Churned)
CUST_1125,Plan Upgrade + Value Benefit,Offer Accepted,No (Retained)
CUST_1128,Limited Free Booster,Offer Accepted,No (Retained)
CUST_1129,Unused Data Credit,Offer Accepted,No (Retained)
CUST_1130,Plan Upgrade + Value Benefit,Offer Accepted,No (Retained)
CUST_1131,Plan Upgrade + Value Benefit,Offer Accepted,No (Retained)
CUST_1135,Plan Upgrade + Value Benefit,Offer Accepted,No (Retained)
CUST_1136,Unused Data Credit,Offer Accepted,No (Retained)
CUST_1138,Paid Booster Bundle,Offer Accepted,No (Retained)
CUST_1140,Limited Free Booster,Offer Accepted,No (Retained)
CUST_1141,Paid Booster Bundle,Offer Accepted,No (Retained)
CUST_1142,Plan Upgrade + Value Benefit,Offer Accepted,No (Retained)
CUST_1145,Unused Data Credit,Offer Accepted,No (Retained)
CUST_1148,Unused Data Credit,Offer Ignored,Yes (Churned)
CUST_1150,Unused Data Credit,Offer Accepted,No (Retained)
CUST_1151,Plan Upgrade + Value Benefit,Offer Ignored,No (Retained)
CUST_1154,Plan Upgrade + Value Benefit,Offer Ignored,Yes (Churned)
CUST_1155,Limited Free Booster,Offer Accepted,No (Retained)
CUST_1156,Paid Booster Bundle,Offer Accepted,No (Retained)
CUST_1158,Limited Free Booster,Offer Accepted,No (Retained)
CUST_1159,Limited Free Booster,Offer Accepted,No (Retained)
CUST_1160,Unused Data Credit,Offer Accepted,No (Retained)
CUST_1162,Plan Upgrade + Value Benefit,Offer Accepted,No (Retained)
CUST_1163,Unused Data Credit,Offer Accepted,No (Retained)
CUST_1164,Paid Booster Bundle,Offer Accepted,No (Retained)
CUST_1169,Limited Free Booster,Offer Accepted,No (Retained)
CUST_1171,Plan Upgrade + Value Benefit,Offer Accepted,No (Retained)
CUST_1172,Paid Booster Bundle,Offer Ignored,Yes (Churned)
CUST_1175,Paid Booster Bundle,Offer Accepted,No (Retained)
CUST_1176,Plan Upgrade + Value Benefit,Offer Ignored,Yes (Churned)
CUST_1179,Plan Upgrade + Value Benefit,Offer Ignored,Yes (Churned)
CUST_1180,Plan Upgrade + Value Benefit,Offer Ignored,Yes (Churned)
CUST_1183,Unused Data Credit,Offer Accepted,No (Retained)
CUST_1184,Paid Booster Bundle,Offer Ignored,Yes (Churned)
CUST_1185,Plan Upgrade + Value Benefit,Offer Accepted,No (Retained)
CUST_1186,Limited Free Booster,Offer Accepted,No (Retained)
CUST_1188,Paid Booster Bundle,Offer Accepted,No (Retained)
CUST_1189,Unused Data Credit,Offer Accepted,No (Retained)
CUST_1190,Limited Free Booster,Offer Accepted,No (Retained)
CUST_1191,Paid Booster Bundle,Offer Accepted,No (Retained)
CUST_1192,Limited Free Booster,Offer Accepted,No (Retained)
CUST_1194,Plan Upgrade + Value Benefit,Offer Accepted,No (Retained)
CUST_1197,Plan Upgrade + Value Benefit,Offer Ignored,No (Retained)
CUST_1198,Unused Data Credit,Offer Accepted,No (Retained)
CUST_1200,Unused Data Credit,Offer Ignored,Yes (Churned)
CUST_1201,Unused Data Credit,Offer Accepted,No (Retained)
CUST_1202,Plan Upgrade + Value Benefit,Offer Accepted,No (Retained)
CUST_1204,Limited Free Booster,Offer Accepted,No (Retained)
CUST_1205,Plan Upgrade + Value Benefit,Offer Ignored,No (Retained)
CUST_1206,Unused Data Credit,Offer Accepted,No (Retained)
CUST_1207,Unused Data Credit,Offer Accepted,No (Retained)
CUST_1209,Unused Data Credit,Offer Accepted,No (Retained)
CUST_1211,Plan Upgrade + Value Benefit,Offer Accepted,No (Retained)
CUST_1213,Unused Data Credit,Offer Accepted,No (Retained)
CUST_1214,Paid Booster Bundle,Offer Accepted,No (Retained)
CUST_1218,Unused Data Credit,Offer Ignored,Yes (Churned)
CUST_1219,Plan Upgrade + Value Benefit,Offer Accepted,No (Retained)
CUST_1222,Plan Upgrade + Value Benefit,Offer Ignored,Yes (Churned)
CUST_1223,Paid Booster Bundle,Offer Ignored,Yes (Churned)
CUST_1225,Paid Booster Bundle,Offer Accepted,No (Retained)
CUST_1226,Paid Booster Bundle,Offer Ignored,Yes (Churned)
CUST_1228,Unused Data Credit,Offer Accepted,No (Retained)
CUST_1229,Paid Booster Bundle,Offer Ignored,Yes (Churned)
CUST_1230,Plan Upgrade + Value Benefit,Offer Accepted,No (Retained)
CUST_1232,Limited Free Booster,Offer Accepted,No (Retained)
CUST_1233,Unused Data Credit,Offer Accepted,No (Retained)
CUST_1235,Unused Data Credit,Offer Accepted,No (Retained)
CUST_1237,Plan Upgrade + Value Benefit,Offer Accepted,No (Retained)
CUST_1238,Paid Booster Bundle,Offer Accepted,No (Retained)
CUST_1239,Unused Data Credit,Offer Accepted,No (Retained)
CUST_1241,Limited Free Booster,Offer Accepted,No (Retained)
CUST_1243,Paid Booster Bundle,Offer Ignored,Yes (Churned)
CUST_1244,Unused Data Credit,Offer Ignored,Yes (Churned)
CUST_1245,Limited Free Booster,Offer Accepted,No (Retained)
CUST_1247,Paid Booster Bundle,Offer Accepted,No (Retained)
CUST_1254,Limited Free Booster,Offer Accepted,No (Retained)
CUST_1257,Limited Free Booster,Offer Ignored,Yes (Churned)
CUST_1258,Unused Data Credit,Offer Accepted,No (Retained)
CUST_1259,Unused Data Credit,Offer Accepted,No (Retained)
CUST_1260,Unused Data Credit,Offer Accepted,No (Retained)
CUST_1261,Limited Free Booster,Offer Accepted,No (Retained)
CUST_1263,Paid Booster Bundle,Offer Ignored,Yes (Churned)
CUST_1264,Paid Booster Bundle,Offer Ignored,No (Retained)
CUST_1265,Unused Data Credit,Offer Ignored,No (Retained)
CUST_1266,Unused Data Credit,Offer Accepted,No (Retained)
CUST_1267,Unused Data Credit,Offer Accepted,No (Retained)
CUST_1270,Unused Data Credit,Offer Accepted,No (Retained)
CUST_1274,Paid Booster Bundle,Offer Accepted,No (Retained)
CUST_1275,Unused Data Credit,Offer Accepted,No (Retained)
CUST_1276,Paid Booster Bundle,Offer Accepted,No (Retained)
CUST_1277,Limited Free Booster,Offer Accepted,No (Retained)
CUST_1278,Plan Upgrade + Value Benefit,Offer Accepted,No (Retained)
CUST_1281,Paid Booster Bundle,Offer Accepted,No (Retained)
CUST_1282,Paid Booster Bundle,Offer Accepted,No (Retained)
CUST_1286,Plan Upgrade + Value Benefit,Offer Ignored,Yes (Churned)
CUST_1287,Paid Booster Bundle,Offer Ignored,Yes (Churned)
CUST_1290,Paid Booster Bundle,Offer Ignored,No (Retained)
CUST_1291,Paid Booster Bundle,Offer Ignored,Yes (Churned)
CUST_1292,Plan Upgrade + Value Benefit,Offer Ignored,Yes (Churned)
CUST_1293,Paid Booster Bundle,Offer Accepted,No (Retained)
CUST_1297,Paid Booster Bundle,Offer Accepted,No (Retained)
CUST_1299,Unused Data Credit,Offer Accepted,No (Retained)
CUST_1300,Paid Booster Bundle,Offer Accepted,No (Retained)
CUST_1302,Plan Upgrade + Value Benefit,Offer Accepted,No (Retained)
CUST_1303,Limited Free Booster,Offer Accepted,No (Retained)
CUST_1304,Plan Upgrade + Value Benefit,Offer Accepted,No (Retained)
CUST_1308,Unused Data Credit,Offer Ignored,Yes (Churned)
CUST_1311,Limited Free Booster,Offer Accepted,No (Retained)
CUST_1312,Limited Free Booster,Offer Accepted,No (Retained)
CUST_1313,Paid Booster Bundle,Offer Accepted,No (Retained)
CUST_1314,Paid Booster Bundle,Offer Accepted,No (Retained)
CUST_1315,Unused Data Credit,Offer Accepted,No (Retained)
CUST_1317,Limited Free Booster,Offer Accepted,No (Retained)
CUST_1318,Unused Data Credit,Offer Ignored,Yes (Churned)
CUST_1320,Paid Booster Bundle,Offer Ignored,Yes (Churned)
CUST_1322,Unused Data Credit,Offer Accepted,No (Retained)
CUST_1323,Plan Upgrade + Value Benefit,Offer Accepted,No (Retained)
CUST_1325,Limited Free Booster,Offer Ignored,Yes (Churned)
CUST_1329,Limited Free Booster,Offer Accepted,No (Retained)
CUST_1330,Paid Booster Bundle,Offer Ignored,Yes (Churned)
CUST_1331,Limited Free Booster,Offer Accepted,No (Retained)
CUST_1332,Paid Booster Bundle,Offer Ignored,Yes (Churned)
CUST_1333,Unused Data Credit,Offer Accepted,No (Retained)
CUST_1334,Plan Upgrade + Value Benefit,Offer Ignored,Yes (Churned)
CUST_1340,Plan Upgrade + Value Benefit,Offer Ignored,Yes (Churned)
CUST_1341,Limited Free Booster,Offer Accepted,No (Retained)
CUST_1342,Unused Data Credit,Offer Ignored,Yes (Churned)
CUST_1343,Plan Upgrade + Value Benefit,Offer Ignored,No (Retained)
CUST_1345,Unused Data Credit,Offer Accepted,No (Retained)
CUST_1349,Unused Data Credit,Offer Accepted,No (Retained)
CUST_1351,Paid Booster Bundle,Offer Accepted,No (Retained)
CUST_1353,Paid Booster Bundle,Offer Ignored,Yes (Churned)
CUST_1354,Unused Data Credit,Offer Accepted,No (Retained)
CUST_1355,Unused Data Credit,Offer Accepted,No (Retained)
CUST_1356,Limited Free Booster,Offer Accepted,No (Retained)
CUST_1357,Unused Data Credit,Offer Accepted,No (Retained)
CUST_1358,Limited Free Booster,Offer Accepted,No (Retained)
CUST_1359,Unused Data Credit,Offer Accepted,No (Retained)
CUST_1362,Plan Upgrade + Value Benefit,Offer Ignored,Yes (Churned)
CUST_1363,Plan Upgrade + Value Benefit,Offer Accepted,No (Retained)
CUST_1366,Paid Booster Bundle,Offer Ignored,Yes (Churned)
CUST_1367,Unused Data Credit,Offer Accepted,No (Retained)
CUST_1371,Plan Upgrade + Value Benefit,Offer Ignored,Yes (Churned)
CUST_1373,Paid Booster Bundle,Offer Accepted,No (Retained)
CUST_1375,Paid Booster Bundle,Offer Accepted,No (Retained)
CUST_1376,Plan Upgrade + Value Benefit,Offer Accepted,No (Retained)
CUST_1377,Limited Free Booster,Offer Accepted,No (Retained)
CUST_1379,Limited Free Booster,Offer Accepted,No (Retained)
CUST_1380,Limited Free Booster,Offer Accepted,No (Retained)
CUST_1381,Plan Upgrade + Value Benefit,Offer Ignored,Yes (Churned)
CUST_1384,Paid Booster Bundle,Offer Accepted,No (Retained)
CUST_1385,Paid Booster Bundle,Offer Ignored,Yes (Churned)
CUST_1386,Unused Data Credit,Offer Ignored,Yes (Churned)
CUST_1388,Paid Booster Bundle,Offer Accepted,No (Retained)
CUST_1389,Paid Booster Bundle,Offer Accepted,No (Retained)
CUST_1390,Plan Upgrade + Value Benefit,Offer Ignored,Yes (Churned)
CUST_1391,Limited Free Booster,Offer Accepted,No (Retained)
CUST_1393,Paid Booster Bundle,Offer Ignored,No (Retained)
CUST_1394,Plan Upgrade + Value Benefit,Offer Ignored,Yes (Churned)
CUST_1396,Paid Booster Bundle,Offer Ignored,Yes (Churned)
CUST_1397,Limited Free Booster,Offer Ignored,Yes (Churned)
CUST_1398,Paid Booster Bundle,Offer Ignored,Yes (Churned)
CUST_1399,Limited Free Booster,Offer Accepted,No (Retained)
CUST_1400,Paid Booster Bundle,Offer Accepted,No (Retained)
CUST_1401,Limited Free Booster,Offer Accepted,No (Retained)
CUST_1402,Limited Free Booster,Offer Accepted,No (Retained)
CUST_1403,Paid Booster Bundle,Offer Accepted,No (Retained)
CUST_1405,Limited Free Booster,Offer Accepted,No (Retained)
CUST_1407,Unused Data Credit,Offer Accepted,No (Retained)
CUST_1408,Limited Free Booster,Offer Accepted,No (Retained)
CUST_1410,Plan Upgrade + Value Benefit,Offer Ignored,Yes (Churned)
CUST_1411,Unused Data Credit,Offer Accepted,No (Retained)
CUST_1412,Unused Data Credit,Offer Ignored,Yes (Churned)
CUST_1413,Plan Upgrade + Value Benefit,Offer Accepted,No (Retained)
CUST_1414,Unused Data Credit,Offer Ignored,Yes (Churned)
CUST_1417,Limited Free Booster,Offer Accepted,No (Retained)
CUST_1419,Plan Upgrade + Value Benefit,Offer Accepted,No (Retained)
CUST_1422,Plan Upgrade + Value Benefit,Offer Accepted,No (Retained)
CUST_1423,Paid Booster Bundle,Offer Accepted,No (Retained)
CUST_1424,Paid Booster Bundle,Offer Accepted,No (Retained)
CUST_1425,Limited Free Booster,Offer Ignored,Yes (Churned)
CUST_1426,Unused Data Credit,Offer Accepted,No (Retained)
CUST_1428,Unused Data Credit,Offer Accepted,No (Retained)
CUST_1431,Limited Free Booster,Offer Accepted,No (Retained)
CUST_1433,Limited Free Booster,Offer Ignored,Yes (Churned)
CUST_1434,Unused Data Credit,Offer Accepted,No (Retained)
CUST_1435,Paid Booster Bundle,Offer Ignored,Yes (Churned)
CUST_1436,Plan Upgrade + Value Benefit,Offer Accepted,No (Retained)
CUST_1438,Paid Booster Bundle,Offer Accepted,No (Retained)
CUST_1439,Unused Data Credit,Offer Accepted,No (Retained)
CUST_1440,Limited Free Booster,Offer Accepted,No (Retained)
CUST_1441,Unused Data Credit,Offer Accepted,No (Retained)
CUST_1445,Paid Booster Bundle,Offer Accepted,No (Retained)
CUST_1447,Plan Upgrade + Value Benefit,Offer Accepted,No (Retained)
CUST_1448,Paid Booster Bundle,Offer Accepted,No (Retained)
CUST_1449,Paid Booster Bundle,Offer Accepted,No (Retained)
CUST_1450,Plan Upgrade + Value Benefit,Offer Accepted,No (Retained)
CUST_1451,Plan Upgrade + Value Benefit,Offer Ignored,No (Retained)
CUST_1452,Paid Booster Bundle,Offer Ignored,No (Retained)
CUST_1453,Plan Upgrade + Value Benefit,Offer Ignored,Yes (Churned)
CUST_1454,Unused Data Credit,Offer Accepted,No (Retained)
CUST_1456,Paid Booster Bundle,Offer Accepted,No (Retained)
CUST_1457,Plan Upgrade + Value Benefit,Offer Ignored,No (Retained)
CUST_1458,Limited Free Booster,Offer Accepted,No (Retained)
CUST_1459,Plan Upgrade + Value Benefit,Offer Accepted,No (Retained)
CUST_1460,Limited Free Booster,Offer Accepted,No (Retained)
CUST_1461,Plan Upgrade + Value Benefit,Offer Accepted,No (Retained)
CUST_1463,Unused Data Credit,Offer Accepted,No (Retained)
CUST_1464,Limited Free Booster,Offer Accepted,No (Retained)
CUST_1466,Limited Free Booster,Offer Accepted,No (Retained)
CUST_1467,Limited Free Booster,Offer Accepted,No (Retained)
CUST_1469,Plan Upgrade + Value Benefit,Offer Accepted,No (Retained)
CUST_1470,Plan Upgrade + Value Benefit,Offer Accepted,No (Retained)
CUST_1471,Paid Booster Bundle,Offer Accepted,No (Retained)
CUST_1476,Paid Booster Bundle,Offer Accepted,No (Retained)
CUST_1478,Plan Upgrade + Value Benefit,Offer Ignored,Yes (Churned)
CUST_1481,Limited Free Booster,Offer Accepted,No (Retained)
CUST_1482,Paid Booster Bundle,Offer Ignored,Yes (Churned)
CUST_1484,Paid Booster Bundle,Offer Accepted,No (Retained)
CUST_1486,Plan Upgrade + Value Benefit,Offer Accepted,No (Retained)
CUST_1489,Plan Upgrade + Value Benefit,Offer Accepted,No (Retained)
CUST_1491,Limited Free Booster,Offer Ignored,Yes (Churned)
CUST_1493,Limited Free Booster,Offer Ignored,Yes (Churned)
CUST_1496,Plan Upgrade + Value Benefit,Offer Accepted,No (Retained)
CUST_1498,Limited Free Booster,Offer Accepted,No (Retained)
CUST_1499,Paid Booster Bundle,Offer Accepted,No (Retained)
CUST_1502,Limited Free Booster,Offer Ignored,Yes (Churned)
CUST_1503,Unused Data Credit,Offer Accepted,No (Retained)
CUST_1504,Paid Booster Bundle,Offer Ignored,Yes (Churned)
CUST_1505,Plan Upgrade + Value Benefit,Offer Accepted,No (Retained)
CUST_1506,Limited Free Booster,Offer Accepted,No (Retained)
CUST_1507,Unused Data Credit,Offer Accepted,No (Retained)
CUST_1508,Unused Data Credit,Offer Accepted,No (Retained)
CUST_1509,Plan Upgrade + Value Benefit,Offer Ignored,Yes (Churned)
CUST_1510,Unused Data Credit,Offer Accepted,No (Retained)
CUST_1512,Unused Data Credit,Offer Accepted,No (Retained)
CUST_1513,Plan Upgrade + Value Benefit,Offer Accepted,No (Retained)
CUST_1514,Unused Data Credit,Offer Accepted,No (Retained)
CUST_1516,Unused Data Credit,Offer Accepted,No (Retained)
CUST_1518,Limited Free Booster,Offer Ignored,Yes (Churned)
CUST_1519,Unused Data Credit,Offer Accepted,No (Retained)
CUST_1521,Plan Upgrade + Value Benefit,Offer Accepted,No (Retained)
CUST_1522,Limited Free Booster,Offer Accepted,No (Retained)
CUST_1523,Limited Free Booster,Offer Ignored,Yes (Churned)
CUST_1524,Paid Booster Bundle,Offer Ignored,No (Retained)
CUST_1525,Unused Data Credit,Offer Accepted,No (Retained)
CUST_1526,Limited Free Booster,Offer Accepted,No (Retained)
CUST_1527,Paid Booster Bundle,Offer Ignored,Yes (Churned)
CUST_1530,Plan Upgrade + Value Benefit,Offer Accepted,No (Retained)
CUST_1531,Paid Booster Bundle,Offer Accepted,No (Retained)
CUST_1533,Paid Booster Bundle,Offer Accepted,No (Retained)
CUST_1535,Plan Upgrade + Value Benefit,Offer Ignored,Yes (Churned)
CUST_1536,Limited Free Booster,Offer Accepted,No (Retained)
CUST_1538,Unused Data Credit,Offer Accepted,No (Retained)
CUST_1539,Unused Data Credit,Offer Accepted,No (Retained)
CUST_1541,Paid Booster Bundle,Offer Accepted,No (Retained)
CUST_1544,Plan Upgrade + Value Benefit,Offer Accepted,No (Retained)
CUST_1546,Plan Upgrade + Value Benefit,Offer Accepted,No (Retained)
CUST_1547,Unused Data Credit,Offer Accepted,No (Retained)
CUST_1549,Unused Data Credit,Offer Ignored,Yes (Churned)
CUST_1550,Limited Free Booster,Offer Accepted,No (Retained)
CUST_1551,Plan Upgrade + Value Benefit,Offer Ignored,Yes (Churned)
CUST_1552,Plan Upgrade + Value Benefit,Offer Accepted,No (Retained)
CUST_1554,Plan Upgrade + Value Benefit,Offer Accepted,No (Retained)
CUST_1555,Limited Free Booster,Offer Accepted,No (Retained)
CUST_1557,Limited Free Booster,Offer Accepted,No (Retained)
CUST_1559,Limited Free Booster,Offer Accepted,No (Retained)
CUST_1560,Plan Upgrade + Value Benefit,Offer Accepted,No (Retained)
CUST_1561,Plan Upgrade + Value Benefit,Offer Accepted,No (Retained)
CUST_1564,Paid Booster Bundle,Offer Ignored,No (Retained)
CUST_1566,Paid Booster Bundle,Offer Ignored,Yes (Churned)
CUST_1568,Unused Data Credit,Offer Accepted,No (Retained)
CUST_1569,Limited Free Booster,Offer Accepted,No (Retained)
CUST_1570,Paid Booster Bundle,Offer Ignored,Yes (Churned)
CUST_1571,Paid Booster Bundle,Offer Ignored,No (Retained)
CUST_1573,Limited Free Booster,Offer Accepted,No (Retained)
CUST_1574,Unused Data Credit,Offer Accepted,No (Retained)
CUST_1575,Paid Booster Bundle,Offer Accepted,No (Retained)
CUST_1577,Unused Data Credit,Offer Accepted,No (Retained)
CUST_1578,Limited Free Booster,Offer Accepted,No (Retained)
CUST_1581,Limited Free Booster,Offer Accepted,No (Retained)
CUST_1582,Plan Upgrade + Value Benefit,Offer Ignored,Yes (Churned)
CUST_1584,Limited Free Booster,Offer Accepted,No (Retained)
CUST_1585,Limited Free Booster,Offer Accepted,No (Retained)
CUST_1586,Paid Booster Bundle,Offer Ignored,No (Retained)
CUST_1587,Unused Data Credit,Offer Accepted,No (Retained)
CUST_1588,Paid Booster Bundle,Offer Accepted,No (Retained)
CUST_1589,Paid Booster Bundle,Offer Accepted,No (Retained)
CUST_1591,Unused Data Credit,Offer Accepted,No (Retained)
CUST_1592,Paid Booster Bundle,Offer Ignored,Yes (Churned)
CUST_1594,Paid Booster Bundle,Offer Accepted,No (Retained)
CUST_1595,Limited Free Booster,Offer Accepted,No (Retained)
CUST_1596,Limited Free Booster,Offer Ignored,No (Retained)
CUST_1597,Limited Free Booster,Offer Accepted,No (Retained)
CUST_1598,Paid Booster Bundle,Offer Accepted,No (Retained)
CUST_1600,Plan Upgrade + Value Benefit,Offer Accepted,No (Retained)
CUST_1603,Plan Upgrade + Value Benefit,Offer Accepted,No (Retained)
CUST_1605,Plan Upgrade + Value Benefit,Offer Accepted,No (Retained)
CUST_1606,Limited Free Booster,Offer Ignored,Yes (Churned)
CUST_1607,Paid Booster Bundle,Offer Accepted,No (Retained)
CUST_1610,Paid Booster Bundle,Offer Ignored,No (Retained)
CUST_1611,Limited Free Booster,Offer Accepted,No (Retained)
CUST_1612,Paid Booster Bundle,Offer Accepted,No (Retained)
CUST_1614,Unused Data Credit,Offer Ignored,Yes (Churned)
CUST_1615,Paid Booster Bundle,Offer Ignored,Yes (Churned)
CUST_1619,Limited Free Booster,Offer Accepted,No (Retained)
CUST_1620,Plan Upgrade + Value Benefit,Offer Accepted,No (Retained)
CUST_1622,Unused Data Credit,Offer Accepted,No (Retained)
CUST_1624,Unused Data Credit,Offer Ignored,Yes (Churned)
CUST_1625,Limited Free Booster,Offer Ignored,Yes (Churned)
CUST_1627,Unused Data Credit,Offer Accepted,No (Retained)
CUST_1628,Plan Upgrade + Value Benefit,Offer Accepted,No (Retained)
CUST_1631,Limited Free Booster,Offer Accepted,No (Retained)
CUST_1632,Plan Upgrade + Value Benefit,Offer Accepted,No (Retained)
CUST_1633,Paid Booster Bundle,Offer Accepted,No (Retained)
CUST_1634,Unused Data Credit,Offer Accepted,No (Retained)
CUST_1635,Paid Booster Bundle,Offer Accepted,No (Retained)
CUST_1636,Paid Booster Bundle,Offer Accepted,No (Retained)
CUST_1637,Limited Free Booster,Offer Accepted,No (Retained)
CUST_1638,Unused Data Credit,Offer Accepted,No (Retained)
CUST_1639,Unused Data Credit,Offer Accepted,No (Retained)
CUST_1640,Plan Upgrade + Value Benefit,Offer Accepted,No (Retained)
CUST_1643,Unused Data Credit,Offer Accepted,No (Retained)
CUST_1644,Paid Booster Bundle,Offer Accepted,No (Retained)
CUST_1647,Paid Booster Bundle,Offer Accepted,No (Retained)
CUST_1648,Limited Free Booster,Offer Accepted,No (Retained)
CUST_1649,Plan Upgrade + Value Benefit,Offer Accepted,No (Retained)
CUST_1651,Plan Upgrade + Value Benefit,Offer Accepted,No (Retained)
CUST_1652,Limited Free Booster,Offer Ignored,Yes (Churned)
CUST_1654,Unused Data Credit,Offer Accepted,No (Retained)
CUST_1655,Limited Free Booster,Offer Accepted,No (Retained)
CUST_1656,Paid Booster Bundle,Offer Ignored,Yes (Churned)
CUST_1657,Plan Upgrade + Value Benefit,Offer Accepted,No (Retained)
CUST_1658,Limited Free Booster,Offer Accepted,No (Retained)
CUST_1659,Paid Booster Bundle,Offer Ignored,Yes (Churned)
CUST_1660,Limited Free Booster,Offer Ignored,Yes (Churned)
CUST_1662,Unused Data Credit,Offer Accepted,No (Retained)
CUST_1663,Unused Data Credit,Offer Accepted,No (Retained)
CUST_1667,Limited Free Booster,Offer Accepted,No (Retained)
CUST_1668,Paid Booster Bundle,Offer Accepted,No (Retained)
CUST_1669,Paid Booster Bundle,Offer Ignored,Yes (Churned)
CUST_1672,Paid Booster Bundle,Offer Accepted,No (Retained)
CUST_1674,Plan Upgrade + Value Benefit,Offer Accepted,No (Retained)
CUST_1675,Paid Booster Bundle,Offer Accepted,No (Retained)
CUST_1677,Unused Data Credit,Offer Accepted,No (Retained)
CUST_1679,Limited Free Booster,Offer Accepted,No (Retained)
CUST_1680,Limited Free Booster,Offer Accepted,No (Retained)
CUST_1685,Plan Upgrade + Value Benefit,Offer Accepted,No (Retained)
CUST_1688,Unused Data Credit,Offer Ignored,Yes (Churned)
CUST_1690,Limited Free Booster,Offer Ignored,Yes (Churned)
CUST_1691,Unused Data Credit,Offer Accepted,No (Retained)
CUST_1692,Plan Upgrade + Value Benefit,Offer Accepted,No (Retained)
CUST_1693,Limited Free Booster,Offer Accepted,No (Retained)
CUST_1694,Unused Data Credit,Offer Accepted,No (Retained)
CUST_1695,Unused Data Credit,Offer Accepted,No (Retained)
CUST_1696,Unused Data Credit,Offer Accepted,No (Retained)
CUST_1697,Paid Booster Bundle,Offer Accepted,No (Retained)
CUST_1698,Unused Data Credit,Offer Accepted,No (Retained)
CUST_1699,Plan Upgrade + Value Benefit,Offer Ignored,Yes (Churned)
CUST_1701,Limited Free Booster,Offer Accepted,No (Retained)
CUST_1702,Unused Data Credit,Offer Ignored,No (Retained)
CUST_1703,Plan Upgrade + Value Benefit,Offer Accepted,No (Retained)
CUST_1704,Unused Data Credit,Offer Accepted,No (Retained)
CUST_1711,Paid Booster Bundle,Offer Ignored,Yes (Churned)
CUST_1712,Unused Data Credit,Offer Accepted,No (Retained)
CUST_1714,Paid Booster Bundle,Offer Accepted,No (Retained)
CUST_1715,Limited Free Booster,Offer Accepted,No (Retained)
CUST_1717,Plan Upgrade + Value Benefit,Offer Ignored,Yes (Churned)
CUST_1720,Paid Booster Bundle,Offer Ignored,Yes (Churned)
CUST_1723,Paid Booster Bundle,Offer Ignored,No (Retained)
CUST_1725,Plan Upgrade + Value Benefit,Offer Accepted,No (Retained)
CUST_1726,Paid Booster Bundle,Offer Ignored,Yes (Churned)
CUST_1727,Plan Upgrade + Value Benefit,Offer Accepted,No (Retained)
CUST_1728,Paid Booster Bundle,Offer Ignored,No (Retained)
CUST_1730,Plan Upgrade + Value Benefit,Offer Ignored,No (Retained)
CUST_1732,Plan Upgrade + Value Benefit,Offer Ignored,Yes (Churned)
CUST_1734,Unused Data Credit,Offer Accepted,No (Retained)
CUST_1736,Limited Free Booster,Offer Accepted,No (Retained)
CUST_1737,Plan Upgrade + Value Benefit,Offer Accepted,No (Retained)
CUST_1738,Limited Free Booster,Offer Accepted,No (Retained)
CUST_1740,Plan Upgrade + Value Benefit,Offer Accepted,No (Retained)
CUST_1741,Limited Free Booster,Offer Ignored,Yes (Churned)
CUST_1742,Unused Data Credit,Offer Accepted,No (Retained)
CUST_1743,Paid Booster Bundle,Offer Ignored,Yes (Churned)
CUST_1746,Unused Data Credit,Offer Accepted,No (Retained)
CUST_1747,Paid Booster Bundle,Offer Ignored,Yes (Churned)
CUST_1751,Limited Free Booster,Offer Ignored,Yes (Churned)
CUST_1752,Unused Data Credit,Offer Accepted,No (Retained)
CUST_1753,Unused Data Credit,Offer Accepted,No (Retained)
CUST_1754,Unused Data Credit,Offer Accepted,No (Retained)
CUST_1756,Plan Upgrade + Value Benefit,Offer Ignored,Yes (Churned)
CUST_1757,Plan Upgrade + Value Benefit,Offer Accepted,No (Retained)
CUST_1759,Unused Data Credit,Offer Accepted,No (Retained)
CUST_1761,Paid Booster Bundle,Offer Accepted,No (Retained)
CUST_1762,Unused Data Credit,Offer Accepted,No (Retained)
CUST_1764,Unused Data Credit,Offer Accepted,No (Retained)
CUST_1765,Unused Data Credit,Offer Accepted,No (Retained)
CUST_1766,Unused Data Credit,Offer Accepted,No (Retained)
CUST_1769,Unused Data Credit,Offer Accepted,No (Retained)
CUST_1770,Limited Free Booster,Offer Ignored,Yes (Churned)
CUST_1771,Unused Data Credit,Offer Accepted,No (Retained)
CUST_1774,Unused Data Credit,Offer Accepted,No (Retained)
CUST_1778,Plan Upgrade + Value Benefit,Offer Accepted,No (Retained)
CUST_1779,Unused Data Credit,Offer Accepted,No (Retained)
CUST_1780,Limited Free Booster,Offer Accepted,No (Retained)
CUST_1781,Plan Upgrade + Value Benefit,Offer Accepted,No (Retained)
CUST_1782,Limited Free Booster,Offer Accepted,No (Retained)
CUST_1783,Unused Data Credit,Offer Ignored,Yes (Churned)
CUST_1784,Limited Free Booster,Offer Ignored,No (Retained)
CUST_1787,Unused Data Credit,Offer Accepted,No (Retained)
CUST_1789,Limited Free Booster,Offer Ignored,Yes (Churned)
CUST_1790,Unused Data Credit,Offer Accepted,No (Retained)
CUST_1791,Limited Free Booster,Offer Ignored,Yes (Churned)
CUST_1797,Paid Booster Bundle,Offer Ignored,Yes (Churned)
CUST_1798,Limited Free Booster,Offer Accepted,No (Retained)
CUST_1799,Paid Booster Bundle,Offer Accepted,No (Retained)
CUST_1800,Plan Upgrade + Value Benefit,Offer Ignored,Yes (Churned)
CUST_1801,Plan Upgrade + Value Benefit,Offer Accepted,No (Retained)
CUST_1803,Paid Booster Bundle,Offer Accepted,No (Retained)
CUST_1804,Paid Booster Bundle,Offer Accepted,No (Retained)
CUST_1805,Unused Data Credit,Offer Accepted,No (Retained)
CUST_1806,Plan Upgrade + Value Benefit,Offer Ignored,Yes (Churned)
CUST_1807,Limited Free Booster,Offer Accepted,No (Retained)
CUST_1810,Paid Booster Bundle,Offer Ignored,Yes (Churned)
CUST_1811,Limited Free Booster,Offer Accepted,No (Retained)
CUST_1812,Unused Data Credit,Offer Accepted,No (Retained)
CUST_1817,Limited Free Booster,Offer Accepted,No (Retained)
CUST_1820,Paid Booster Bundle,Offer Accepted,No (Retained)
CUST_1821,Paid Booster Bundle,Offer Accepted,No (Retained)
CUST_1822,Paid Booster Bundle,Offer Accepted,No (Retained)
CUST_1824,Plan Upgrade + Value Benefit,Offer Ignored,Yes (Churned)
CUST_1826,Paid Booster Bundle,Offer Ignored,Yes (Churned)
CUST_1827,Limited Free Booster,Offer Accepted,No (Retained)
CUST_1828,Limited Free Booster,Offer Accepted,No (Retained)
CUST_1829,Limited Free Booster,Offer Ignored,Yes (Churned)
CUST_1830,Plan Upgrade + Value Benefit,Offer Accepted,No (Retained)
CUST_1831,Unused Data Credit,Offer Accepted,No (Retained)
CUST_1832,Paid Booster Bundle,Offer Ignored,No (Retained)
CUST_1833,Paid Booster Bundle,Offer Accepted,No (Retained)
CUST_1835,Paid Booster Bundle,Offer Accepted,No (Retained)
CUST_1836,Paid Booster Bundle,Offer Accepted,No (Retained)
CUST_1837,Unused Data Credit,Offer Accepted,No (Retained)
CUST_1838,Unused Data Credit,Offer Accepted,No (Retained)
CUST_1839,Unused Data Credit,Offer Accepted,No (Retained)
CUST_1840,Paid Booster Bundle,Offer Ignored,Yes (Churned)
CUST_1842,Limited Free Booster,Offer Ignored,Yes (Churned)
CUST_1843,Plan Upgrade + Value Benefit,Offer Accepted,No (Retained)
CUST_1844,Paid Booster Bundle,Offer Accepted,No (Retained)
CUST_1845,Plan Upgrade + Value Benefit,Offer Ignored,Yes (Churned)
CUST_1847,Unused Data Credit,Offer Accepted,No (Retained)
CUST_1849,Limited Free Booster,Offer Ignored,Yes (Churned)
CUST_1852,Paid Booster Bundle,Offer Ignored,Yes (Churned)
CUST_1853,Limited Free Booster,Offer Accepted,No (Retained)
CUST_1856,Limited Free Booster,Offer Accepted,No (Retained)
CUST_1857,Plan Upgrade + Value Benefit,Offer Ignored,Yes (Churned)
CUST_1858,Paid Booster Bundle,Offer Accepted,No (Retained)
CUST_1861,Unused Data Credit,Offer Accepted,No (Retained)
CUST_1862,Paid Booster Bundle,Offer Ignored,Yes (Churned)
CUST_1864,Plan Upgrade + Value Benefit,Offer Ignored,Yes (Churned)
CUST_1866,Limited Free Booster,Offer Accepted,No (Retained)
CUST_1867,Limited Free Booster,Offer Accepted,No (Retained)
CUST_1868,Limited Free Booster,Offer Accepted,No (Retained)
CUST_1870,Paid Booster Bundle,Offer Ignored,Yes (Churned)
CUST_1876,Unused Data Credit,Offer Accepted,No (Retained)
CUST_1877,Plan Upgrade + Value Benefit,Offer Accepted,No (Retained)
CUST_1878,Unused Data Credit,Offer Accepted,No (Retained)
CUST_1879,Unused Data Credit,Offer Accepted,No (Retained)
CUST_1880,Limited Free Booster,Offer Accepted,No (Retained)
CUST_1882,Limited Free Booster,Offer Accepted,No (Retained)
CUST_1883,Paid Booster Bundle,Offer Accepted,No (Retained)
CUST_1885,Limited Free Booster,Offer Ignored,Yes (Churned)
CUST_1887,Unused Data Credit,Offer Ignored,No (Retained)
CUST_1888,Limited Free Booster,Offer Accepted,No (Retained)
CUST_1889,Paid Booster Bundle,Offer Accepted,No (Retained)
CUST_1890,Plan Upgrade + Value Benefit,Offer Accepted,No (Retained)
CUST_1892,Paid Booster Bundle,Offer Accepted,No (Retained)
CUST_1893,Limited Free Booster,Offer Accepted,No (Retained)
CUST_1895,Unused Data Credit,Offer Accepted,No (Retained)
CUST_1899,Limited Free Booster,Offer Accepted,No (Retained)
CUST_1900,Unused Data Credit,Offer Accepted,No (Retained)
CUST_1901,Limited Free Booster,Offer Ignored,No (Retained)
CUST_1903,Plan Upgrade + Value Benefit,Offer Ignored,Yes (Churned)
CUST_1904,Paid Booster Bundle,Offer Ignored,Yes (Churned)
CUST_1905,Paid Booster Bundle,Offer Ignored,Yes (Churned)
CUST_1906,Paid Booster Bundle,Offer Accepted,No (Retained)
CUST_1907,Limited Free Booster,Offer Accepted,No (Retained)
CUST_1908,Limited Free Booster,Offer Accepted,No (Retained)
CUST_1911,Limited Free Booster,Offer Accepted,No (Retained)
CUST_1912,Paid Booster Bundle,Offer Accepted,No (Retained)
CUST_1913,Limited Free Booster,Offer Ignored,Yes (Churned)
CUST_1914,Unused Data Credit,Offer Accepted,No (Retained)
CUST_1916,Limited Free Booster,Offer Accepted,No (Retained)
CUST_1917,Limited Free Booster,Offer Accepted,No (Retained)
CUST_1918,Limited Free Booster,Offer Accepted,No (Retained)
CUST_1920,Plan Upgrade + Value Benefit,Offer Accepted,No (Retained)
CUST_1924,Paid Booster Bundle,Offer Accepted,No (Retained)
CUST_1926,Paid Booster Bundle,Offer Ignored,Yes (Churned)
CUST_1927,Unused Data Credit,Offer Accepted,No (Retained)
CUST_1929,Unused Data Credit,Offer Accepted,No (Retained)
CUST_1931,Paid Booster Bundle,Offer Ignored,Yes (Churned)
CUST_1932,Plan Upgrade + Value Benefit,Offer Ignored,Yes (Churned)
CUST_1933,Unused Data Credit,Offer Accepted,No (Retained)
CUST_1934,Unused Data Credit,Offer Accepted,No (Retained)
CUST_1935,Limited Free Booster,Offer Accepted,No (Retained)
CUST_1937,Plan Upgrade + Value Benefit,Offer Ignored,No (Retained)
CUST_1940,Plan Upgrade + Value Benefit,Offer Ignored,Yes (Churned)
CUST_1942,Unused Data Credit,Offer Accepted,No (Retained)
CUST_1943,Unused Data Credit,Offer Accepted,No (Retained)
CUST_1944,Plan Upgrade + Value Benefit,Offer Accepted,No (Retained)
CUST_1947,Limited Free Booster,Offer Accepted,No (Retained)
CUST_1950,Unused Data Credit,Offer Accepted,No (Retained)
CUST_1951,Paid Booster Bundle,Offer Ignored,Yes (Churned)
CUST_1954,Plan Upgrade + Value Benefit,Offer Ignored,Yes (Churned)
CUST_1955,Limited Free Booster,Offer Ignored,Yes (Churned)
CUST_1957,Limited Free Booster,Offer Accepted,No (Retained)
CUST_1958,Limited Free Booster,Offer Accepted,No (Retained)
CUST_1960,Paid Booster Bundle,Offer Ignored,No (Retained)
CUST_1963,Unused Data Credit,Offer Accepted,No (Retained)
CUST_1964,Plan Upgrade + Value Benefit,Offer Ignored,Yes (Churned)
CUST_1965,Unused Data Credit,Offer Accepted,No (Retained)
CUST_1966,Plan Upgrade + Value Benefit,Offer Accepted,No (Retained)
CUST_1970,Unused Data Credit,Offer Accepted,No (Retained)
CUST_1971,Plan Upgrade + Value Benefit,Offer Accepted,No (Retained)
CUST_1973,Unused Data Credit,Offer Accepted,No (Retained)
CUST_1974,Unused Data Credit,Offer Ignored,Yes (Churned)
CUST_1975,Plan Upgrade + Value Benefit,Offer Accepted,No (Retained)
CUST_1976,Plan Upgrade + Value Benefit,Offer Ignored,Yes (Churned)
CUST_1977,Paid Booster Bundle,Offer Ignored,No (Retained)
CUST_1978,Paid Booster Bundle,Offer Accepted,No (Retained)
CUST_1979,Plan Upgrade + Value Benefit,Offer Ignored,Yes (Churned)
CUST_1980,Limited Free Booster,Offer Ignored,Yes (Churned)
CUST_1981,Limited Free Booster,Offer Accepted,No (Retained)
CUST_1983,Unused Data Credit,Offer Accepted,No (Retained)
CUST_1984,Limited Free Booster,Offer Accepted,No (Retained)
CUST_1987,Limited Free Booster,Offer Accepted,No (Retained)
CUST_1988,Paid Booster Bundle,Offer Ignored,Yes (Churned)
CUST_1990,Paid Booster Bundle,Offer Accepted,No (Retained)
CUST_1991,Paid Booster Bundle,Offer Accepted,No (Retained)
CUST_1992,Plan Upgrade + Value Benefit,Offer Accepted,No (Retained)
CUST_1994,Unused Data Credit,Offer Accepted,No (Retained)
CUST_1999,Unused Data Credit,Offer Ignored,Yes (Churned)
